country,region,pop_growth,birth_rate,death_rate,maternal_mort_rate,infant_mort_rate,life_expectancy,total_fert_rate,living_with_hiv,hiv_deaths,literacy,gdp_per_capita,unemployment,inflation,adult_obesity,pop_below_poverty
Afghanistan,Asia,2.38,36.7,12.7,638.0,104.3,52.8,4.82,11000.0,500.0,43.0,2000.0,23.9,5.0,5.5,54.5
Akrotiri,Middle East,,,,,,,,,,,,,,,
Albania,Europe,0.28,13.0,7.1,15.0,10.8,79.0,1.53,1400.0,100.0,98.1,12500.0,5.83,2.0,21.7,14.3
Algeria,Africa,1.52,20.0,4.4,112.0,17.6,77.5,2.59,22000.0,200.0,81.4,15200.0,11.7,5.6,27.4,23.0
American Samoa,Oceania,-1.4,17.8,5.9,,9.9,74.8,2.35,,,,11200.0,29.8,-0.5,,
Andorra,Europe,-0.06,7.0,7.7,,3.5,83.0,1.43,,,100.0,49900.0,3.7,-0.9,25.6,
Angola,Africa,3.43,42.7,8.5,241.0,62.3,61.3,5.96,340000.0,13000.0,71.1,6800.0,6.6,29.8,8.2,36.6
Anguilla,Central America and the Caribbean,1.86,12.2,4.8,,3.3,81.8,1.74,,,,12200.0,8.0,1.3,,23.0
Antigua And Barbuda,Central America and the Caribbean,1.18,15.4,5.8,,11.1,77.3,1.97,1000.0,100.0,99.0,26400.0,11.0,2.5,18.9,
Arctic Ocean,Arctic Region,,,,,,,,,,,,,,,
Argentina,South America,0.86,16.0,7.4,39.0,9.0,77.8,2.21,140000.0,1400.0,99.0,20900.0,9.84,25.7,28.3,25.7
Armenia,Asia,-0.30000000000000004,11.9,9.5,26.0,11.5,75.6,1.65,3500.0,100.0,99.7,9500.0,18.9,0.9,20.2,32.0
Aruba,Central America and the Caribbean,1.19,12.1,8.7,,9.8,77.5,1.83,,,97.8,37500.0,7.7,-0.5,,
Ashmore And Cartier Islands,Southeast Asia,,,,,,,,,,,,,,,
Australia,Oceania,1.4,12.4,6.9,6.0,3.1,82.7,1.74,29000.0,100.0,,50400.0,5.16,2.0,29.0,
Austria,Europe,0.35000000000000003,9.5,9.8,5.0,3.3,81.9,1.49,7400.0,100.0,,50000.0,7.35,2.2,20.1,3.0
Azerbaijan,Asia,0.77,14.5,7.0,26.0,21.3,73.6,1.88,9700.0,500.0,99.8,17500.0,5.0,13.0,19.9,4.9
"Bahamas, The",Central America and the Caribbean,0.75,14.8,7.4,70.0,10.6,73.3,1.92,6000.0,200.0,,32400.0,10.1,1.4,31.6,9.3
Bahrain,Middle East,2.08,12.7,2.8,14.0,8.3,79.4,1.69,500.0,100.0,97.5,49000.0,3.6,1.4,29.8,
Bangladesh,Asia,0.98,18.1,5.5,173.0,28.3,74.2,2.11,14000.0,1000.0,73.9,4200.0,4.4,5.6,3.6,24.3
Barbados,Central America and the Caribbean,0.23,11.3,8.8,27.0,9.6,76.0,1.6800000000000002,2700.0,100.0,99.6,18600.0,10.1,4.4,23.1,
Belarus,Europe,-0.27,9.5,13.1,2.0,3.5,73.8,1.5,28000.0,200.0,99.8,18900.0,0.8,6.0,24.5,5.7
Belgium,Europe,0.63,11.1,9.8,5.0,3.3,81.4,1.77,,,,46600.0,5.36,2.2,22.1,15.1
Belize,Central America and the Caribbean,1.72,22.0,4.1,36.0,11.2,75.3,2.7,4900.0,200.0,,8300.0,9.0,1.1,24.1,41.0
Benin,Africa,3.4,42.1,8.4,397.0,58.7,61.4,5.53,75000.0,2300.0,42.4,2300.0,1.0,0.1,9.6,36.2
Bermuda,North America,0.39,11.2,9.1,,2.5,81.7,1.91,,,,99400.0,7.0,1.9,,11.0
Bhutan,Asia,1.02,16.3,6.3,183.0,27.0,72.1,1.82,1300.0,100.0,66.6,9000.0,3.2,5.8,6.4,12.0
Bolivia,South America,1.44,20.8,6.3,155.0,32.2,70.4,2.48,19000.0,200.0,92.5,7600.0,4.0,2.8,20.2,38.6
Bosnia And Herzegovina,Europe,-0.19,8.6,10.2,10.0,5.2,77.5,1.33,500.0,100.0,98.5,12800.0,33.28,1.2,17.9,16.9
Botswana,Africa,1.48,20.9,9.2,144.0,26.8,64.8,2.45,380000.0,5000.0,88.5,17000.0,20.0,3.3,18.9,19.3
Brazil,South America,0.67,13.6,6.9,60.0,15.9,74.7,1.73,920000.0,14000.0,93.2,15600.0,11.93,3.4,22.1,4.2
British Virgin Islands,Central America and the Caribbean,2.14,11.1,5.4,,11.0,79.2,1.33,,,,34200.0,2.9,1.1,,
Brunei,Southeast Asia,1.51,16.5,3.8,31.0,8.8,77.9,1.75,,,97.2,78900.0,6.9,-0.2,14.1,
Bulgaria,Europe,-0.65,8.3,14.6,10.0,8.1,75.0,1.49,3300.0,100.0,98.4,21800.0,5.66,1.2,25.0,23.4
Burkina Faso,Africa,2.66,35.1,8.2,320.0,52.0,62.7,4.51,100000.0,3100.0,41.2,1900.0,77.0,0.4,5.6,40.1
Burma,Southeast Asia,0.85,17.0,7.2,250.0,31.7,69.3,2.07,240000.0,7700.0,75.6,6300.0,4.0,4.0,5.8,25.6
Burundi,Africa,2.85,36.5,6.2,548.0,40.1,66.7,5.28,85000.0,1800.0,68.4,700.0,,16.6,5.4,64.6
Cabo Verde,Africa,1.28,19.1,5.9,58.0,19.7,73.2,2.16,2500.0,100.0,86.8,7000.0,9.0,0.8,11.8,30.0
Cambodia,Southeast Asia,1.4,21.3,7.3,160.0,43.7,65.9,2.39,73000.0,1300.0,80.5,4000.0,0.30000000000000004,2.9,3.9,16.5
Cameroon,Africa,2.78,36.3,8.1,529.0,51.5,62.3,4.66,510000.0,14000.0,77.1,3700.0,4.3,0.6000000000000001,11.4,30.0
Canada,North America,0.81,10.2,7.9,10.0,4.3,83.4,1.57,,,,48400.0,5.67,1.6,29.4,9.4
Cayman Islands,Central America and the Caribbean,1.9,11.9,6.1,,5.5,81.6,1.83,,,98.9,43800.0,4.0,2.0,,
Central African Republic,Africa,2.09,33.2,12.3,829.0,80.6,54.2,4.14,100000.0,3800.0,37.4,700.0,6.9,4.1,7.5,62.0
Chad,Africa,3.18,41.7,10.0,1140.0,68.6,58.3,5.68,120000.0,3200.0,22.3,2300.0,,-0.9,6.1,46.7
Chile,South America,0.71,13.1,6.5,13.0,6.2,79.4,1.77,74000.0,1000.0,96.4,24600.0,7.22,2.2,28.0,14.4
China,Asia,0.32,11.6,8.2,29.0,11.4,76.1,1.6,,,96.8,18200.0,3.64,1.6,6.2,3.3
Christmas Island,Southeast Asia,1.11,,,,,,,,,,,,,,
Cocos (Keeling) Islands,Southeast Asia,0.0,,,,,,,,,,,0.1,,,
Colombia,South America,0.93,15.4,5.6,83.0,12.3,76.6,1.94,200000.0,4100.0,95.1,14400.0,10.5,4.3,22.3,28.0
Comoros,Africa,1.47,23.6,6.9,273.0,55.0,65.7,2.95,200.0,100.0,58.8,1600.0,6.5,1.0,7.8,44.8
"Congo, Democratic Republic Of The",Africa,3.18,41.0,8.4,473.0,64.5,61.0,5.77,520000.0,15000.0,77.0,800.0,,41.5,6.7,63.0
"Congo, Republic Of The",Africa,2.26,32.6,8.7,378.0,50.7,61.3,4.45,100000.0,4500.0,80.3,6800.0,36.0,0.5,9.6,46.5
Cook Islands,Oceania,-2.59,13.3,9.0,,11.9,76.6,2.12,,,,16700.0,13.1,2.2,55.9,
Coral Sea Islands,Oceania,,,,,,,,,,,,,,,
Costa Rica,Central America and the Caribbean,1.08,14.8,4.9,27.0,7.5,79.2,1.87,14000.0,200.0,97.9,16900.0,8.1,1.6,25.7,21.7
Cote D'Ivoire,Africa,2.26,29.1,7.9,617.0,59.1,61.3,3.67,430000.0,13000.0,47.2,3900.0,9.4,0.8,10.3,46.3
Croatia,Europe,-0.5,8.7,12.8,8.0,8.6,76.7,1.42,1600.0,100.0,99.3,24700.0,8.07,1.1,24.4,19.5
Cuba,Central America and the Caribbean,-0.25,10.4,9.1,36.0,4.3,79.2,1.71,32000.0,500.0,99.8,12300.0,2.6,5.5,24.6,
Curacao,Central America and the Caribbean,0.35000000000000003,13.4,8.7,,7.0,79.0,2.0,,,,15000.0,13.0,2.6,,
Cyprus,Middle East,1.15,10.9,7.0,6.0,7.4,79.3,1.48,1000.0,100.0,99.1,37200.0,7.07,0.7000000000000001,21.8,
Czechia,Europe,0.06,8.9,10.7,3.0,2.6,79.3,1.48,4400.0,100.0,99.0,35500.0,2.8,2.4,26.0,9.7
Denmark,Europe,0.48,11.1,9.5,4.0,3.2,81.2,1.78,6200.0,100.0,,50100.0,3.05,1.1,19.7,13.4
Dhekelia,Middle East,,,,,,,,,,,,,,,
Djibouti,Africa,2.07,22.7,7.3,248.0,41.6,64.7,2.19,6800.0,500.0,,3600.0,40.0,0.7000000000000001,13.5,23.0
Dominica,Central America and the Caribbean,0.13,14.5,8.0,,9.7,77.7,2.02,500.0,100.0,,11000.0,23.0,0.6000000000000001,27.9,29.0
Dominican Republic,Central America and the Caribbean,0.95,18.5,6.3,95.0,20.9,72.0,2.24,72000.0,1900.0,93.8,17000.0,5.1,3.3,27.6,30.5
Ecuador,South America,1.2,17.0,5.2,59.0,15.0,77.5,2.09,47000.0,1000.0,92.8,11500.0,5.71,0.4,19.9,21.5
Egypt,Africa,2.28,27.2,4.4,37.0,17.1,73.7,3.29,26000.0,500.0,71.2,12700.0,7.86,23.5,32.0,27.8
El Salvador,Central America and the Caribbean,0.8300000000000001,18.6,5.9,46.0,11.8,74.8,2.09,27000.0,1000.0,88.5,8000.0,7.0,1.0,24.6,32.7
Equatorial Guinea,Africa,2.35,30.7,7.3,301.0,59.7,65.7,4.11,65000.0,1800.0,95.3,37400.0,8.6,0.7000000000000001,8.0,44.0
Eritrea,Africa,0.93,27.9,6.9,480.0,43.3,66.2,3.73,14000.0,500.0,76.6,1600.0,5.8,9.0,5.0,50.0
Estonia,Europe,-0.65,9.3,12.9,9.0,3.7,77.4,1.61,7400.0,100.0,99.8,31700.0,4.94,3.7,21.2,21.1
Eswatini,Africa,0.77,24.5,10.1,437.0,42.8,58.6,2.52,200000.0,2300.0,88.4,10100.0,28.0,6.2,16.5,63.0
Ethiopia,Africa,2.56,31.6,5.9,401.0,35.8,67.5,4.14,670000.0,12000.0,51.8,2200.0,17.5,9.9,4.5,29.6
Falkland Islands (Islas Malvinas),South America,0.01,10.9,4.9,,,77.9,,,,,70800.0,1.0,1.4,,
Faroe Islands,Europe,0.6000000000000001,14.9,8.8,,5.1,80.8,2.31,,,,40000.0,2.2,-0.30000000000000004,,10.0
Fiji,Oceania,0.5,17.4,6.3,34.0,8.8,73.7,2.31,1000.0,100.0,99.1,9800.0,4.5,3.4,30.2,31.0
Finland,Europe,0.30000000000000004,10.6,10.3,3.0,2.5,81.3,1.74,4000.0,100.0,,44500.0,6.63,0.8,22.2,
France,Europe,0.35000000000000003,11.9,9.6,8.0,3.2,82.2,2.06,190000.0,500.0,,44100.0,8.12,1.2,21.6,14.2
French Polynesia,Oceania,0.79,14.0,5.5,,4.5,77.9,1.83,,,,17000.0,21.8,0.0,,19.7
Gabon,Africa,2.5,26.3,5.9,252.0,30.4,69.0,3.41,51000.0,1100.0,84.7,18100.0,28.0,2.7,15.0,34.3
"Gambia, The",Africa,1.87,27.0,6.7,597.0,54.9,65.8,3.21,28000.0,1100.0,50.8,2600.0,,8.0,10.3,48.4
Gaza Strip,Middle East,2.13,28.6,3.0,27.0,14.9,74.9,3.64,,,97.2,,27.9,0.2,,30.0
Georgia,Asia,0.05,11.6,11.0,25.0,13.8,77.0,1.75,9100.0,100.0,99.4,10700.0,11.8,6.0,21.7,9.2
Germany,Europe,-0.19,8.6,12.1,7.0,3.3,81.1,1.47,87000.0,500.0,,50800.0,4.98,1.7000000000000002,22.3,16.7
Ghana,Africa,2.15,29.6,6.6,308.0,32.1,68.2,3.9,340000.0,14000.0,76.6,4700.0,11.9,12.4,10.9,24.2
Gibraltar,Europe,0.2,13.8,8.6,,5.6,80.0,1.9,,,,61700.0,1.0,2.5,,
Greece,Europe,-0.31,7.8,12.0,3.0,3.7,81.1,1.38,14000.0,100.0,97.7,27800.0,17.3,1.1,24.9,36.0
Greenland,Arctic Region,-0.08,14.1,9.0,,8.3,73.4,1.94,,,100.0,41800.0,9.1,0.30000000000000004,,16.2
Grenada,Central America and the Caribbean,0.38,14.6,8.3,25.0,8.9,75.2,1.96,500.0,100.0,98.6,15100.0,24.0,0.9,21.3,38.0
Guam,Oceania,0.2,18.9,6.0,,10.8,77.0,2.84,,,,35600.0,4.5,1.0,,23.0
Guatemala,Central America and the Caribbean,1.6800000000000002,23.3,4.9,95.0,21.8,72.4,2.72,36000.0,1200.0,81.5,8200.0,2.3,4.4,21.2,59.3
Guernsey,Europe,0.26,9.8,9.2,,3.3,82.8,1.57,,,,52500.0,1.2,3.4,,
Guinea,Africa,2.76,36.1,8.4,576.0,52.4,63.2,4.92,110000.0,3100.0,30.4,2200.0,2.7,8.9,7.7,47.0
Guinea-Bissau,Africa,2.51,36.9,7.9,667.0,51.9,62.8,4.75,40000.0,1500.0,59.9,1900.0,,1.1,9.5,67.0
Guyana,South America,0.72,15.5,7.5,667.0,27.6,69.5,1.89,8700.0,200.0,88.5,8100.0,11.1,2.0,20.2,35.0
Haiti,Central America and the Caribbean,1.26,21.7,7.4,480.0,42.6,65.3,2.52,160000.0,2700.0,61.7,1800.0,40.6,14.7,22.7,58.5
Holy See (Vatican City),Europe,0.0,,,,,,,,,,,,,,
Honduras,Central America and the Caribbean,1.27,18.5,4.7,65.0,14.6,74.6,2.09,25000.0,1000.0,87.2,5600.0,5.6,3.9,21.4,29.6
Hong Kong,Southeast Asia,0.24,8.4,7.9,,2.7,83.2,1.21,,,,64500.0,2.93,1.5,,19.9
Hungary,Europe,-0.28,8.8,12.9,12.0,4.7,76.7,1.47,3700.0,100.0,99.1,29600.0,3.45,2.4,26.4,14.9
Iceland,Arctic Region,1.02,13.3,6.6,4.0,2.1,83.3,1.97,500.0,100.0,,52200.0,3.62,1.8,21.9,
India,Asia,1.1,18.2,7.3,145.0,35.4,69.7,2.35,2100000.0,69000.0,74.4,7200.0,8.5,3.6,3.9,21.9
Indonesia,Southeast Asia,0.79,15.4,6.6,177.0,20.4,73.7,2.04,640000.0,38000.0,95.7,12400.0,5.31,3.8,6.9,10.9
Iran,Middle East,1.1,16.3,5.3,16.0,14.9,74.5,1.94,59000.0,2500.0,85.5,20100.0,11.8,9.6,25.8,18.7
Iraq,Middle East,2.16,25.7,3.9,79.0,19.5,72.6,3.39,,,50.1,16700.0,16.0,0.1,30.4,23.0
Ireland,Europe,1.04,13.0,6.8,5.0,3.6,81.2,1.94,7500.0,100.0,,73200.0,4.98,0.30000000000000004,25.3,8.2
Isle Of Man,Europe,0.59,10.8,10.4,,3.9,81.6,1.9,,,,84600.0,1.1,4.1,,
Israel,Middle East,1.46,17.6,5.3,3.0,3.3,83.0,2.59,9000.0,100.0,97.8,36400.0,3.81,0.2,26.1,22.0
Italy,Europe,0.11,8.4,10.7,2.0,3.2,82.5,1.47,130000.0,1000.0,99.2,38200.0,9.88,1.3,19.9,29.9
Jamaica,Central America and the Caribbean,-0.07,16.1,7.5,80.0,11.6,75.2,2.07,32000.0,1000.0,88.7,9200.0,7.72,4.4,24.7,17.1
Jan Mayen,Arctic Region,,,,,,,,,,,,,,,
Japan,Asia,-0.27,7.3,10.2,5.0,1.9,86.0,1.43,30000.0,200.0,,42900.0,2.36,0.5,4.3,16.1
Jersey,Europe,0.72,12.7,7.9,,3.6,82.2,1.67,,,,56600.0,4.0,3.7,,
Jordan,Middle East,1.4,23.0,3.4,46.0,12.8,75.5,3.04,500.0,100.0,98.2,9200.0,19.1,3.3,35.5,14.2
Kazakhstan,Asia,0.89,16.4,8.2,10.0,17.9,72.0,2.16,33000.0,500.0,99.8,26300.0,4.8,7.4,21.0,2.6
Kenya,Africa,2.2,27.2,5.2,342.0,29.8,69.0,3.43,1500000.0,21000.0,81.5,3500.0,40.0,8.0,7.1,36.1
Kiribati,Oceania,1.09,20.5,6.9,92.0,29.2,67.5,2.25,,,,2000.0,30.6,0.4,46.0,
"Korea, North",Asia,0.51,14.5,9.4,89.0,20.0,71.6,1.92,,,100.0,1700.0,25.6,,6.8,
"Korea, South",Asia,0.39,8.2,6.8,11.0,3.0,82.6,1.29,,,98.0,39500.0,3.76,1.9,4.7,14.4
Kosovo,Europe,0.66,15.4,7.0,,30.2,72.7,1.95,,,,10900.0,30.5,1.5,,17.6
Kuwait,Middle East,1.27,18.0,2.3,12.0,6.5,78.6,2.26,1000.0,100.0,96.1,65800.0,1.1,1.5,37.9,
Kyrgyzstan,Asia,0.96,20.6,6.3,60.0,23.3,71.8,2.54,10000.0,500.0,99.6,3700.0,3.18,3.2,16.6,32.1
Laos,Southeast Asia,1.44,22.4,7.2,185.0,45.6,65.7,2.53,13000.0,500.0,84.7,7400.0,0.7000000000000001,0.8,5.3,22.0
Latvia,Europe,-1.12,9.2,14.6,19.0,5.0,75.4,1.53,5600.0,100.0,99.9,27700.0,6.14,2.9,23.6,25.5
Lebanon,Middle East,-6.68,13.6,5.4,29.0,6.8,78.3,1.71,2700.0,100.0,95.1,19600.0,9.7,4.5,32.0,28.6
Lesotho,Africa,0.16,23.2,15.4,544.0,41.5,53.0,2.5,340000.0,4800.0,79.4,3300.0,28.1,5.3,16.6,57.0
Liberia,Africa,2.71,37.3,7.0,661.0,47.4,64.7,4.9,47000.0,1900.0,48.3,1300.0,2.8,12.4,9.9,54.1
Libya,Africa,1.94,23.0,3.5,72.0,11.5,76.7,3.17,9500.0,500.0,91.0,9600.0,30.0,28.5,32.5,
Liechtenstein,Europe,0.75,10.4,7.8,,4.2,82.2,1.69,,,,139100.0,2.4,-0.4,,
Lithuania,Europe,-1.13,9.5,15.0,5.0,3.8,75.5,1.6,3400.0,100.0,99.8,32400.0,8.4,3.7,26.3,22.2
Luxembourg,Europe,1.8,11.6,7.3,5.0,3.3,82.6,1.62,1200.0,100.0,,105100.0,5.36,2.1,22.6,
Macau,Southeast Asia,0.64,7.9,4.9,,3.1,84.6,0.96,,,96.5,122000.0,2.0,1.2,,
Madagascar,Africa,2.39,29.9,6.2,335.0,37.8,67.3,3.78,39000.0,1400.0,74.8,1600.0,1.8,8.3,5.3,70.7
Malawi,Africa,3.3,40.1,7.2,349.0,39.5,63.2,5.31,1100000.0,13000.0,62.1,1200.0,20.4,12.2,5.8,50.7
Malaysia,Southeast Asia,1.29,18.3,5.3,29.0,11.4,75.9,2.43,88000.0,2700.0,93.7,29100.0,3.3,3.8,15.6,3.8
Maldives,Asia,-0.08,16.0,4.1,53.0,19.8,76.4,1.71,,,97.7,19200.0,2.9,2.3,8.6,15.0
Mali,Africa,2.95,42.2,9.0,562.0,64.0,61.6,5.72,140000.0,5800.0,35.5,2200.0,7.9,1.8,8.6,36.1
Malta,Europe,0.87,9.9,8.3,6.0,4.6,82.8,1.49,500.0,100.0,94.5,41900.0,0.78,1.3,28.9,16.3
Marshall Islands,Oceania,1.43,22.8,4.3,,17.4,74.1,2.86,,,98.3,3600.0,36.0,0.0,52.9,
Mauritania,Africa,2.09,29.0,7.5,766.0,47.9,64.5,3.65,5700.0,500.0,53.5,4500.0,10.2,2.3,12.7,31.0
Mauritius,Africa,0.54,12.6,7.3,61.0,9.0,76.5,1.73,11000.0,1000.0,91.3,22300.0,6.65,3.7,10.8,8.0
Mexico,North America,1.04,17.6,5.4,33.0,10.7,76.7,2.19,230000.0,4000.0,95.4,19900.0,3.49,6.0,28.9,46.2
"Micronesia, Federated States Of",Oceania,-0.6000000000000001,18.9,4.3,88.0,17.8,73.9,2.29,,,,3400.0,16.2,0.5,45.8,26.7
Moldova,Europe,-1.08,10.7,12.6,19.0,11.1,71.9,1.58,15000.0,500.0,99.4,6700.0,4.99,6.6,18.9,9.6
Monaco,Europe,0.37,6.4,10.8,,1.9,89.3,1.55,,,,115700.0,2.0,1.5,,
Mongolia,Asia,0.99,16.6,6.3,45.0,19.2,70.8,1.95,1000.0,100.0,98.4,13700.0,8.0,4.6,20.6,29.6
Montenegro,Europe,-0.37,11.5,10.4,6.0,3.4,77.3,1.82,500.0,100.0,98.8,17800.0,15.82,2.4,23.3,8.6
Montserrat,Central America and the Caribbean,0.58,11.7,6.0,,11.1,75.3,1.36,,,,34000.0,5.6,1.2,,
Morocco,Africa,0.96,17.9,6.6,70.0,18.2,73.3,2.31,21000.0,500.0,73.8,8600.0,9.23,0.8,26.1,15.0
Mozambique,Africa,2.62,38.6,11.0,289.0,64.7,55.9,4.97,2200000.0,51000.0,60.7,1300.0,24.5,15.3,7.2,46.1
Namibia,Africa,1.86,25.7,7.3,195.0,31.4,65.3,3.07,210000.0,3000.0,91.5,11200.0,34.0,6.1,17.2,28.7
Nauru,Oceania,0.46,21.9,6.0,,7.4,68.4,2.68,,,,12300.0,23.0,5.1,61.0,
Navassa Island,Central America and the Caribbean,,,,,,,,,,,,,,,
Nepal,Asia,0.98,18.1,5.7,186.0,25.1,71.8,1.96,30000.0,1000.0,67.9,2700.0,3.0,4.5,4.1,25.2
Netherlands,Europe,0.37,11.0,9.2,5.0,3.5,81.7,1.77,24000.0,200.0,,53900.0,3.41,1.3,20.4,8.8
New Caledonia,Oceania,1.25,14.5,5.9,,5.0,78.4,1.88,,,96.9,31100.0,14.7,1.4,,17.0
New Zealand,Oceania,1.44,12.8,6.9,9.0,3.5,82.1,1.87,3500.0,100.0,,39000.0,4.13,1.9,30.8,
Nicaragua,Central America and the Caribbean,0.96,17.1,5.2,198.0,16.5,74.2,1.82,9600.0,200.0,82.6,5900.0,6.4,3.9,23.7,29.6
Niger,Africa,3.66,47.5,10.2,509.0,67.7,59.3,7.0,33000.0,1100.0,19.1,1200.0,0.30000000000000004,2.4,5.5,45.4
Nigeria,Africa,2.53,34.6,9.1,917.0,59.8,60.4,4.72,1800000.0,45000.0,62.0,5900.0,16.5,16.5,8.9,70.0
Niue,Oceania,-0.03,,,,,,,,,,5800.0,12.0,4.0,50.0,
Norfolk Island,Oceania,0.01,,,,,,,,,,,,,,
North Macedonia,Europe,0.15,10.7,9.6,7.0,7.4,76.3,1.5,500.0,300.0,97.8,14900.0,17.29,1.4,22.4,21.5
Northern Mariana Islands,Oceania,-0.55,15.1,5.3,,11.5,76.1,2.7,,,,24500.0,11.2,0.30000000000000004,,
Norway,Europe,0.85,12.2,8.1,2.0,2.5,82.1,1.84,5800.0,100.0,,72100.0,3.72,1.9,23.1,
Oman,Middle East,1.96,23.1,3.3,19.0,11.7,76.3,2.76,2500.0,100.0,95.7,46000.0,,1.6,27.0,
Pakistan,Asia,2.07,27.4,6.2,140.0,52.3,69.2,3.6,190000.0,6800.0,59.1,5400.0,6.0,4.1,8.6,29.5
Palau,Oceania,0.39,11.3,8.3,,9.8,74.1,1.7000000000000002,,,96.6,14700.0,1.7000000000000002,0.9,55.3,24.9
Panama,Central America and the Caribbean,1.2,17.1,5.1,52.0,9.1,79.2,2.23,26000.0,500.0,95.4,25400.0,6.14,0.9,22.7,23.0
Papua New Guinea,Oceania,1.6,22.5,6.7,145.0,33.2,67.8,2.84,52000.0,1000.0,64.2,3700.0,2.5,5.4,21.3,37.0
Paracel Islands,Southeast Asia,,,,,,,,,,,,,,,
Paraguay,South America,1.16,16.6,4.9,84.0,16.9,77.9,1.89,22000.0,1000.0,94.0,12800.0,5.7,3.6,20.3,22.2
Peru,South America,0.92,17.0,6.2,88.0,16.7,74.7,2.04,87000.0,1000.0,94.4,13500.0,6.58,2.8,19.7,22.7
Philippines,Southeast Asia,1.52,22.9,6.0,121.0,20.0,70.0,2.92,97000.0,1600.0,98.2,8400.0,5.11,2.9,6.4,21.6
Pitcairn Islands,Oceania,0.0,,,,,,,,,,,,,,
Poland,Europe,-0.19,8.9,10.6,2.0,4.3,78.3,1.38,,,99.8,29600.0,5.43,2.0,23.1,17.6
Portugal,Europe,-0.25,8.1,10.8,8.0,2.6,81.1,1.41,41000.0,500.0,96.1,30500.0,6.55,1.6,20.8,19.0
Puerto Rico,Central America and the Caribbean,-1.59,8.0,9.5,21.0,6.0,81.3,1.24,,,92.4,39400.0,10.8,1.8,,
Qatar,Middle East,1.55,9.3,1.6,9.0,5.7,79.4,1.88,500.0,100.0,93.5,124100.0,8.9,0.4,35.1,
Romania,Europe,-0.37,8.5,12.0,19.0,8.7,76.0,1.38,190000.0,500.0,98.8,24600.0,3.06,1.3,22.5,22.4
Russia,Asia,-0.16,10.0,13.4,17.0,6.5,71.9,1.6,1000000.0,,99.7,27900.0,4.6,3.7,23.1,13.3
Rwanda,Africa,2.0,27.9,6.1,248.0,28.0,65.1,3.52,230000.0,2800.0,73.2,2100.0,2.7,4.8,5.8,39.1
Saint Barthelemy,Central America and the Caribbean,-0.25,9.3,8.7,,5.6,80.2,1.64,,,,,,,,
"Saint Helena, Ascension, And Tristan Da Cunha",Africa,0.13,9.4,8.3,,12.0,80.0,1.6,,,,7800.0,14.0,4.0,,
Saint Kitts And Nevis,Central America and the Caribbean,0.67,12.6,7.3,,7.8,76.6,1.77,200.0,100.0,,28200.0,4.5,0.0,22.9,
Saint Lucia,Central America and the Caribbean,0.29,12.5,8.1,117.0,10.1,78.5,1.73,1000.0,100.0,,14400.0,20.0,0.1,19.7,
Saint Martin,Central America and the Caribbean,0.4,14.3,4.6,,5.6,80.2,1.81,,,,19300.0,,,,
Saint Pierre And Miquelon,North America,-1.15,6.7,10.9,,6.1,81.0,1.58,,,,46200.0,8.7,1.5,,
Saint Vincent And The Grenadines,Central America and the Caribbean,-0.22,12.6,7.6,98.0,11.0,76.2,1.76,1200.0,100.0,,11500.0,18.8,2.2,23.7,
Samoa,Oceania,0.61,19.6,5.4,43.0,17.0,74.7,2.5,,,99.1,5700.0,5.2,1.3,47.3,
San Marino,Europe,0.65,8.8,9.0,,4.2,83.5,1.52,,,99.9,59000.0,8.1,1.0,,
Sao Tome And Principe,Africa,1.58,29.7,6.3,130.0,41.7,66.3,3.82,1100.0,100.0,92.8,3200.0,12.2,5.7,12.4,66.2
Saudi Arabia,Middle East,1.6,14.7,3.4,17.0,11.3,76.2,1.95,8200.0,500.0,95.3,54500.0,6.0,-0.9,35.4,
Senegal,Africa,2.31,31.8,7.6,315.0,45.7,63.2,4.04,41000.0,1200.0,51.9,3500.0,48.0,1.3,8.8,46.7
Serbia,Europe,-0.47,8.8,13.5,12.0,5.6,76.3,1.46,3200.0,100.0,98.3,15100.0,14.1,3.1,21.5,8.9
Seychelles,Africa,0.6900000000000001,12.8,7.1,,9.3,75.6,1.83,,,95.9,29300.0,3.0,2.9,14.0,39.3
Sierra Leone,Africa,2.43,35.4,9.8,1120.0,63.6,59.8,4.62,78000.0,2600.0,43.2,1600.0,15.0,18.2,8.7,70.2
Singapore,Southeast Asia,1.73,8.9,3.6,8.0,2.3,86.0,0.87,7900.0,100.0,97.3,94100.0,2.25,0.6000000000000001,6.1,
Sint Maarten,Central America and the Caribbean,1.34,12.9,5.8,,7.5,78.8,2.02,,,,66800.0,12.0,4.0,,
Slovakia,Europe,-0.05,9.3,10.1,5.0,4.9,77.8,1.44,1200.0,100.0,,33100.0,5.0,1.3,20.5,12.3
Slovenia,Europe,0.01,8.7,10.3,7.0,1.7000000000000002,81.4,1.59,1000.0,100.0,99.7,34500.0,7.64,1.4,20.2,13.9
Solomon Islands,Oceania,1.84,23.6,3.8,104.0,13.4,76.2,2.97,,,,2200.0,,0.5,22.5,
Somalia,Africa,2.21,38.7,12.4,829.0,89.5,54.0,5.51,11000.0,1000.0,,,,1.5,8.3,
South Africa,Africa,0.97,19.2,9.3,119.0,27.8,64.8,2.22,7500000.0,72000.0,87.0,13600.0,28.53,5.3,28.3,16.6
South Sudan,Africa,2.7,38.8,11.4,1150.0,69.9,55.5,5.54,190000.0,9100.0,34.5,1600.0,,187.9,6.6,66.0
Spain,Europe,0.67,8.7,9.3,4.0,3.2,82.0,1.51,150000.0,1000.0,98.4,38400.0,14.13,2.0,23.8,21.1
Spratly Islands,Southeast Asia,,,,,,,,,,,,,,,
Sri Lanka,Asia,0.67,14.2,6.5,36.0,7.8,77.5,2.01,3600.0,200.0,91.9,12900.0,4.83,6.5,5.2,6.7
Sudan,Africa,2.69,33.8,6.5,295.0,41.8,66.5,4.72,46000.0,2300.0,60.7,4300.0,19.6,32.4,6.6,46.5
Suriname,South America,0.95,14.9,6.2,120.0,22.1,73.3,1.86,5800.0,200.0,94.4,14900.0,8.9,22.0,26.4,70.0
Svalbard,Arctic Region,-0.03,,,,,,,,,,,,,,
Sweden,Europe,0.79,12.1,9.4,4.0,2.6,82.4,1.87,11000.0,,,51200.0,6.78,1.9,20.6,15.0
Switzerland,Europe,0.66,10.5,8.5,5.0,3.5,82.8,1.57,17000.0,100.0,,62100.0,2.31,0.5,19.5,6.6
Syria,Middle East,4.25,23.8,4.5,31.0,16.5,73.7,2.9,1000.0,100.0,86.4,2900.0,50.0,28.1,27.8,82.5
Taiwan,Southeast Asia,0.11,8.0,7.9,,4.2,80.6,1.14,,,98.5,50500.0,3.73,1.1,,1.5
Tajikistan,Asia,1.52,21.8,5.8,17.0,28.8,69.0,2.51,14000.0,500.0,99.8,3200.0,2.4,7.3,14.2,31.5
Tanzania,Africa,2.71,34.6,7.1,524.0,36.4,63.9,4.59,1700000.0,27000.0,77.9,3200.0,10.3,5.3,8.4,22.8
Thailand,Southeast Asia,0.25,10.7,8.3,37.0,8.6,75.6,1.54,480000.0,14000.0,92.9,17900.0,0.99,0.7000000000000001,10.0,7.2
Timor-Leste,Southeast Asia,2.27,32.0,5.7,142.0,31.7,69.3,4.44,1500.0,100.0,68.1,6000.0,4.4,0.6000000000000001,3.8,41.8
Togo,Africa,2.56,32.0,6.5,396.0,38.5,66.6,4.22,120000.0,3000.0,63.7,1700.0,6.9,-0.7000000000000001,8.4,55.1
Tokelau,Oceania,-0.01,,,,,,,,,,1000.0,,,,
Tonga,Oceania,-0.16,21.0,4.9,52.0,10.3,77.0,2.87,,,99.4,5900.0,1.1,7.4,48.2,22.5
Trinidad And Tobago,Central America and the Caribbean,-0.30000000000000004,11.4,9.1,67.0,20.1,73.9,1.7000000000000002,11000.0,200.0,99.0,31300.0,4.9,1.9,18.6,20.0
Tunisia,Africa,0.85,15.9,6.4,43.0,11.0,76.3,2.06,6500.0,500.0,81.8,11900.0,15.5,5.3,26.9,15.5
Turkey,Middle East,0.45,14.8,6.1,17.0,15.8,75.7,1.96,,,96.2,27000.0,13.68,11.1,32.1,21.9
Turkmenistan,Asia,1.06,18.3,6.1,7.0,30.8,71.3,2.04,,,99.7,18200.0,11.0,8.0,18.6,0.2
Turks And Caicos Islands,Central America and the Caribbean,2.0,14.1,3.4,,9.3,80.3,1.7000000000000002,,,,29100.0,10.0,4.0,,
Tuvalu,Oceania,0.87,23.4,8.2,,26.6,67.9,2.88,,,,3800.0,,4.1,51.6,26.3
Uganda,Africa,3.34,42.3,5.3,375.0,32.6,68.2,5.54,1500000.0,21000.0,76.5,2400.0,9.4,5.6,5.3,21.4
Ukraine,AsiaEurope,-0.1,9.6,14.0,19.0,7.4,72.9,1.56,250000.0,5900.0,99.8,8800.0,8.89,14.4,24.1,3.8
United Arab Emirates,Middle East,1.49,9.5,2.0,3.0,5.3,79.0,1.73,,,93.8,68600.0,1.6,2.0,31.7,19.5
United Kingdom,Europe,0.49,11.9,9.5,7.0,4.1,81.1,1.86,,,,44300.0,3.17,2.7,27.8,15.0
United States,North America,0.72,12.4,8.3,19.0,5.3,80.3,1.84,,,,59800.0,3.89,2.1,36.2,15.1
Uruguay,South America,0.27,12.9,9.3,17.0,7.8,77.9,1.77,14000.0,200.0,98.7,22400.0,7.6,6.2,27.9,9.7
Uzbekistan,Asia,0.88,16.1,5.4,29.0,16.3,74.8,1.74,50000.0,1000.0,100.0,6900.0,5.0,12.5,16.6,14.0
Vanuatu,Oceania,1.73,22.4,4.0,72.0,12.7,74.6,2.79,,,87.5,2700.0,1.7000000000000002,3.1,25.2,
Venezuela,South America,-0.18,17.9,7.5,125.0,27.9,71.0,2.26,110000.0,,97.1,12500.0,6.9,1087.5,25.6,19.7
Vietnam,Southeast Asia,0.84,14.5,6.0,43.0,15.7,74.4,1.77,230000.0,5000.0,95.0,6900.0,3.11,3.5,2.1,8.0
Virgin Islands,Central America and the Caribbean,-0.37,12.1,8.5,,7.4,79.8,2.03,,,,37000.0,10.4,1.0,,28.9
Wake Island,Oceania,,,,,,,,,,,,,,,
Wallis And Futuna,Oceania,0.28,12.7,5.7,,4.2,80.2,1.71,,,,3800.0,8.8,0.9,,
West Bank,Middle East,1.77,25.2,3.4,27.0,12.8,75.9,3.07,,,97.2,4300.0,27.9,0.2,,18.0
Western Sahara,Africa,2.54,28.0,7.7,,47.9,64.5,3.65,,,,2500.0,,,,
Yemen,Middle East,2.04,25.8,5.6,164.0,41.9,66.9,3.2,11000.0,500.0,70.1,2500.0,27.0,24.7,17.1,54.0
Zambia,Africa,2.89,40.4,11.6,213.0,56.0,53.6,5.49,1200000.0,17000.0,86.7,4000.0,15.0,6.6,8.1,54.4
Zimbabwe,Africa,1.87,33.6,9.3,458.0,30.3,62.3,3.93,1400000.0,20000.0,86.5,2300.0,11.3,0.9,15.5,72.3
